{
    "A Choose Districts...": "",
    "Gisagara": "Gisagara",
    "Huye": "Huye",
    "Kamonyi": "Kamonyi",
    "Karongi": "Karongi",
    "Kayonza": "Kayonza",
    "Kicukiro": "Kicukiro",
    "Kirehe": "Kirehe",
    "Muhanga": "Muhanga",
    "Musanze": "Musanze",
    "Ngoma": "Ngoma",
    "Ngororero": "Ngororero",
    "Nyabihu": "Nyabihu",
    "Nyagatare": "Nyagatare",
    "Nyamagabe": "Nyamagabe",
    "Nyamasheke": "Nyamasheke",
    "Nyanza": "Nyanza",
    "Nyarugenge": "Nyarugenge",
    "Nyaruguru": "Nyaruguru",
    "Rubavu": "Rubavu",
    "Ruhango": "Ruhango",
    "Rulindo": "Rulindo",
    "Rusizi": "Rusizi",
    "Rutsiro": "Rutsiro",
    "Rwamagana": "Rwamagana",
    "Gicumbi": "Gicumbi",
    "Gatsibo": "Gatsibo",
    "Gasabo": "Gasabo",
    "Gakenke": "Gakenke",
    "Burera": "Burera",
    "Bugesera": "Bugesera"
}