{
    "A Choose Sectors...": "",
    "Boneza": "Boneza",
    "Gihango": "Gihango",
    "Kigeyo": "Kigeyo",
    "Kivumu": "Kivumu",
    "Manihira": "Manihira",
    "Murunda": "Murunda",
    "Musasa": "Musasa",
    "Mushonyi": "Mushonyi",
    "Mushubati": "Mushubati",
    "Nyabirasi": "Nyabirasi",
    "Rusebeya": "Rusebeya",
    "Bugarama": "Bugarama",
    "Butare": "Butare",
    "Bweyeye": "Bweyeye",
    "Gashonga": "Gashonga",
    "Giheke": "Giheke",
    "Gihundwe": "Gihundwe",
    "Gikundamvura": "Gikundamvura",
    "Gitambi": "Gitambi",
    "Kamembe": "Kamembe",
    "Mururu": "Mururu",
    "Nkanka": "Nkanka",
    "Nkombo": "Nkombo",
    "Nkungu": "Nkungu",
    "Nyakabuye": "Nyakabuye",
    "Nyakarenzo": "Nyakarenzo",
    "Nzahaha": "Nzahaha",
    "Bugeshi": "Bugeshi",
    "Cyanzarwe": "Cyanzarwe",
    "Gisenyi": "Gisenyi",
    "Kanama": "Kanama",
    "Kanzenze": "Kanzenze",
    "Mudende": "Mudende",
    "Nyakiriba": "Nyakiriba",
    "Nyamyumba": "Nyamyumba",
    "Nyundo": "Nyundo",
    "Rubavu": "Rubavu",
    "Rugerero": "Rugerero",
    "Bushekeri": "Bushekeri",
    "Bushenge": "Bushenge",
    "Cyato": "Cyato",
    "Gihombo": "Gihombo",
    "Kagano": "Kagano",
    "Kanjongo": "Kanjongo",
    "Karambi": "Karambi",
    "Karengera": "Karengera",
    "Kirimbi": "Kirimbi",
    "Macuba": "Macuba",
    "Mahembe": "Mahembe",
    "Nyabitekeri": "Nyabitekeri",
    "Rangiro": "Rangiro",
    "Ruharambuga": "Ruharambuga",
    "Shangi": "Shangi",
    "Bigogwe": "Bigogwe",
    "Jenda": "Jenda",
    "Jomba": "Jomba",
    "Kabatwa": "Kabatwa",
    "Karago": "Karago",
    "Kintobo": "Kintobo",
    "Mukamira": "Mukamira",
    "Muringa": "Muringa",
    "Rambura": "Rambura",
    "Rugera": "Rugera",
    "Rurembo": "Rurembo",
    "Shyira": "Shyira",
    "Gatumba": "Gatumba",
    "Hindiro": "Hindiro",
    "Kabaya": "Kabaya",
    "Kavumu": "Kavumu",
    "Matyazo": "Matyazo",
    "Muhanda": "Muhanda",
    "Muhororo": "Muhororo",
    "Ndaro": "Ndaro",
    "Ngororero": "Ngororero",
    "Sovu": "Sovu",
    "Bwishyura": "Bwishyura",
    "Gishari": "Gishari",
    "Gishyita": "Gishyita",
    "Gitesi": "Gitesi",
    "Mubuga": "Mubuga",
    "Mutuntu": "Mutuntu",
    "Rubengera": "Rubengera",
    "Rugabano": "Rugabano",
    "Ruganda": "Ruganda",
    "Rwankuba": "Rwankuba",
    "Twumba": "Twumba",
    "Bweramana": "Bweramana",
    "Byimana": "Byimana",
    "Kabagali": "Kabagali",
    "Mbuye": "Mbuye",
    "Mwendo": "Mwendo",
    "Ntongwe": "Ntongwe",
    "Ruhango": "Ruhango",
    "Busanze": "Busanze",
    "Cyahinda": "Cyahinda",
    "Kibeho": "Kibeho",
    "Kivu": "Kivu",
    "Mata": "Mata",
    "Munini": "Munini",
    "Ngera": "Ngera",
    "Nyabimata": "Nyabimata",
    "Ruheru": "Ruheru",
    "Ruramba": "Ruramba",
    "Rusenge": "Rusenge",
    "Busasamana": "Busasamana",
    "Busoro": "Busoro",
    "Cyabakamyi": "Cyabakamyi",
    "Muyira": "Muyira",
    "Ntyazo": "Ntyazo",
    "Nyagisozi": "Nyagisozi",
    "Rwabicuma": "Rwabicuma",
    "Buruhukiro": "Buruhukiro",
    "Gasaka": "Gasaka",
    "Gatare": "Gatare",
    "Kaduha": "Kaduha",
    "Kamegeri": "Kamegeri",
    "Kibumbwe": "Kibumbwe",
    "Kitabi": "Kitabi",
    "Mugano": "Mugano",
    "Musange": "Musange",
    "Musebeya": "Musebeya",
    "Mushubi": "Mushubi",
    "Nkomane": "Nkomane",
    "Tare": "Tare",
    "Uwinkingi": "Uwinkingi",
    "Cyeza": "Cyeza",
    "Kabacuzi": "Kabacuzi",
    "Kibangu": "Kibangu",
    "Kiyumba": "Kiyumba",
    "Muhanga": "Muhanga",
    "Mushishiro": "Mushishiro",
    "Nyabinoni": "Nyabinoni",
    "Nyamabuye": "Nyamabuye",
    "Nyarusange": "Nyarusange",
    "Rongi": "Rongi",
    "Rugendabari": "Rugendabari",
    "Shyogwe": "Shyogwe",
    "Gacurabwenge": "Gacurabwenge",
    "Kayenzi": "Kayenzi",
    "Kayumbu": "Kayumbu",
    "Mugina": "Mugina",
    "Musambira": "Musambira",
    "Ngamba": "Ngamba",
    "Nyarubaka": "Nyarubaka",
    "Rugarika": "Rugarika",
    "Rukoma": "Rukoma",
    "Runda": "Runda",
    "Gishamvu": "Gishamvu",
    "Huye": "Huye",
    "Kigoma": "Kigoma",
    "Kinazi": "Kinazi",
    "Maraba": "Maraba",
    "Mbazi": "Mbazi",
    "Mukura": "Mukura",
    "Ruhashya": "Ruhashya",
    "Rusatira": "Rusatira",
    "Rwaniro": "Rwaniro",
    "Simbi": "Simbi",
    "Gikonko": "Gikonko",
    "Gishubi": "Gishubi",
    "Kansi": "Kansi",
    "Kibirizi": "Kibirizi",
    "Kigembe": "Kigembe",
    "Mamba": "Mamba",
    "Muganza": "Muganza",
    "Mugombwa": "Mugombwa",
    "Mukingo": "Mukingo",
    "Ndora": "Ndora",
    "Nyanza": "Nyanza",
    "Save": "Save",
    "Base": "Base",
    "Burega": "Burega",
    "Bushoki": "Bushoki",
    "Buyoga": "Buyoga",
    "Cyinzuzi": "Cyinzuzi",
    "Cyungo": "Cyungo",
    "Kinihira": "Kinihira",
    "Kisaro": "Kisaro",
    "Masoro": "Masoro",
    "Mbogo": "Mbogo",
    "Ngoma": "Ngoma",
    "Ntarabana": "Ntarabana",
    "Rukozo": "Rukozo",
    "Rusiga": "Rusiga",
    "Shyorongi": "Shyorongi",
    "Tumba": "Tumba",
    "Busogo": "Busogo",
    "Cyuve": "Cyuve",
    "Gacaca": "Gacaca",
    "Gashaki": "Gashaki",
    "Gataraga": "Gataraga",
    "Kimonyi": "Kimonyi",
    "Kinigi": "Kinigi",
    "Muhoza": "Muhoza",
    "Musanze": "Musanze",
    "Nkotsi": "Nkotsi",
    "Nyange": "Nyange",
    "Shingiro": "Shingiro",
    "Bukure": "Bukure",
    "Bwisige": "Bwisige",
    "Byumba": "Byumba",
    "Cyumba": "Cyumba",
    "Giti": "Giti",
    "Kaniga": "Kaniga",
    "Manyagiro": "Manyagiro",
    "Miyove": "Miyove",
    "Muko": "Muko",
    "Mutete": "Mutete",
    "Nyamiyaga": "Nyamiyaga",
    "Nyankenke": "Nyankenke",
    "Rubaya": "Rubaya",
    "Rushaki": "Rushaki",
    "Rutare": "Rutare",
    "Ruvune": "Ruvune",
    "Rwamiko": "Rwamiko",
    "Shangasha": "Shangasha",
    "Busengo": "Busengo",
    "Coko": "Coko",
    "Cyabingo": "Cyabingo",
    "Gakenke": "Gakenke",
    "Gashenyi": "Gashenyi",
    "Janja": "Janja",
    "Kamubuga": "Kamubuga",
    "Karambo": "Karambo",
    "Kivuruga": "Kivuruga",
    "Mataba": "Mataba",
    "Minazi": "Minazi",
    "Mugunga": "Mugunga",
    "Muhondo": "Muhondo",
    "Muyongwe": "Muyongwe",
    "Muzo": "Muzo",
    "Ruli": "Ruli",
    "Rusasa": "Rusasa",
    "Rushashi": "Rushashi",
    "Bungwe": "Bungwe",
    "Butaro": "Butaro",
    "Cyanika": "Cyanika",
    "Cyeru": "Cyeru",
    "Gahunga": "Gahunga",
    "Gatebe": "Gatebe",
    "Gitovu": "Gitovu",
    "Kagogo": "Kagogo",
    "Kinoni": "Kinoni",
    "Kinyababa": "Kinyababa",
    "Kivuye": "Kivuye",
    "Nemba": "Nemba",
    "Rugengabari": "Rugengabari",
    "Ruhunde": "Ruhunde",
    "Rusarabuye": "Rusarabuye",
    "Rwerere": "Rwerere",
    "Gitega": "Gitega",
    "Kanyinya": "Kanyinya",
    "Kigali": "Kigali",
    "Kimisagara": "Kimisagara",
    "Mageragere": "Mageragere",
    "Muhima": "Muhima",
    "Nyakabanda": "Nyakabanda",
    "Nyamirambo": "Nyamirambo",
    "Rwezamenyo": "Rwezamenyo",
    "Gahanga": "Gahanga",
    "Gatenga": "Gatenga",
    "Gikondo": "Gikondo",
    "Kagarama": "Kagarama",
    "Kanombe": "Kanombe",
    "Kicukiro": "Kicukiro",
    "Masaka": "Masaka",
    "Niboye": "Niboye",
    "Nyarugunga": "Nyarugunga",
    "Bumbogo": "Bumbogo",
    "Gatsata": "Gatsata",
    "Gikomero": "Gikomero",
    "Gisozi": "Gisozi",
    "Jabana": "Jabana",
    "Jali": "Jali",
    "Kacyiru": "Kacyiru",
    "Kimihurura": "Kimihurura",
    "Kimiromko": "Kimiromko",
    "Kinyinya": "Kinyinya",
    "Ndera": "Ndera",
    "Nduba": "Nduba",
    "Rusororo": "Rusororo",
    "Rutunga": "Rutunga",
    "Fumbwe": "Fumbwe",
    "Gahengeri": "Gahengeri",
    "Gishali": "Gishali",
    "Karenge": "Karenge",
    "Kigabiro": "Kigabiro",
    "Muhazi": "Muhazi",
    "Munyaga": "Munyaga",
    "Munyiginya": "Munyiginya",
    "Musha": "Musha",
    "Muyumbu": "Muyumbu",
    "Mwulire": "Mwulire",
    "Nyakaliro": "Nyakaliro",
    "Nzige": "Nzige",
    "Rubona": "Rubona",
    "Gatunda": "Gatunda",
    "Karama": "Karama",
    "Karangazi": "Karangazi",
    "Katabagemu": "Katabagemu",
    "Kiyombe": "Kiyombe",
    "Matimba": "Matimba",
    "Mimuri": "Mimuri",
    "Mukama": "Mukama",
    "Musheri": "Musheri",
    "Nyagatare": "Nyagatare",
    "Rukomo": "Rukomo",
    "Rwempasha": "Rwempasha",
    "Rwimiyaga": "Rwimiyaga",
    "Tabagwe": "Tabagwe",
    "Gashanda": "Gashanda",
    "Jarama": "Jarama",
    "Karembo": "Karembo",
    "Kazo": "Kazo",
    "Kibungo": "Kibungo",
    "Mugesera": "Mugesera",
    "Mutenderi": "Mutenderi",
    "Rukira": "Rukira",
    "Rukumberi": "Rukumberi",
    "Rurenge": "Rurenge",
    "Sake": "Sake",
    "Zaza": "Zaza",
    "Bwira": "Bwira",
    "Gahara": "Gahara",
    "Gatore": "Gatore",
    "Kigarama": "Kigarama",
    "Kigina": "Kigina",
    "Kirehe": "Kirehe",
    "Mahama": "Mahama",
    "Mpanga": "Mpanga",
    "Musaza": "Musaza",
    "Mushikiri": "Mushikiri",
    "Nasho": "Nasho",
    "Nyamugari": "Nyamugari",
    "Nyarubuye": "Nyarubuye",
    "Gahini": "Gahini",
    "Kabare": "Kabare",
    "Kabarondo": "Kabarondo",
    "Mukarange": "Mukarange",
    "Murama": "Murama",
    "Murundi": "Murundi",
    "Mwiri": "Mwiri",
    "Ndego": "Ndego",
    "Nyamirama": "Nyamirama",
    "Rukara": "Rukara",
    "Ruramira": "Ruramira",
    "Rwinkwavu": "Rwinkwavu",
    "Gasange": "Gasange",
    "Gatsibo": "Gatsibo",
    "Gitoki": "Gitoki",
    "Kabarore": "Kabarore",
    "Kageyo": "Kageyo",
    "Kiramuruzi": "Kiramuruzi",
    "Kiziguro": "Kiziguro",
    "Muhura": "Muhura",
    "Murambi": "Murambi",
    "Ngarama": "Ngarama",
    "Nyagihanga": "Nyagihanga",
    "Remera": "Remera",
    "Rugarama": "Rugarama",
    "Rwimbogo": "Rwimbogo",
    "Gashora": "Gashora",
    "Juru": "Juru",
    "Kamabuye": "Kamabuye",
    "Mareba": "Mareba",
    "Mayange": "Mayange",
    "Musenyi": "Musenyi",
    "Mwogo": "Mwogo",
    "Ngeruka": "Ngeruka",
    "Ntarama": "Ntarama",
    "Nyamata": "Nyamata",
    "Nyarugenge": "Nyarugenge",
    "Rilima": "Rilima",
    "Ruhuha": "Ruhuha",
    "Rweru": "Rweru",
    "Shyara": "Shyara"
}