{
    "Busengo" : "Busengo",
    "Coko" : "Coko",
    "Cyabingo" : "Cyabingo",
    "Gakenke" : "Gakenke",
    "Gashenyi" : "Gashenyi",
    "Janja" : "Janja",
    "Kamubuga" : "Kamubuga",
    "Karambo" : "Karambo",
    "Kivuruga" : "Kivuruga",
    "Mataba" : "Mataba",
    "Minazi" : "Minazi",
    "Mugunga" : "Mugunga",
    "Muhondo" : "Muhondo",
    "Muyongwe" : "Muyongwe",
    "Muzo" : "Muzo",
    "Nemba" : "Nemba",
    "Ruli" : "Ruli",
    "Rusasa" : "Rusasa",
    "Rushashi" : "Rushashi"
}