{
    "Bukure" : "Bukure",
    "Bwisige" : "Bwisige",
    "Byumba" : "Byumba",
    "Cyumba" : "Cyumba",
    "Giti" : "Giti",
    "Kageyo" : "Kageyo",
    "Kaniga" : "Kaniga",
    "Manyagiro" : "Manyagiro",
    "Miyove" : "Miyove",
    "Mukarange" : "Mukarange",
    "Muko" : "Muko",
    "Mutete" : "Mutete",
    "Nyamiyaga" : "Nyamiyaga",
    "Nyankenke" : "Nyankenke",
    "Rubaya" : "Rubaya",
    "Rukomo" : "Rukomo",
    "Rushaki" : "Rushaki",
    "Rutare" : "Rutare",
    "Ruvune" : "Ruvune",
    "Rwamiko" : "Rwamiko",
    "Shangasha" : "Shangasha"
}