{
    "Bugarama" : "Bugarama",
    "Butare" : "Butare",
    "Bweyeye" : "Bweyeye",
    "Gashonga" : "Gashonga",
    "Giheke" : "Giheke",
    "Gihundwe" : "Gihundwe",
    "Gikundamvura" : "Gikundamvura",
    "Gitambi" : "Gitambi",
    "Kamembe" : "Kamembe",
    "Muganza" : "Muganza",
    "Mururu" : "Mururu",
    "Nkanka" : "Nkanka",
    "Nkombo" : "Nkombo",
    "Nkungu" : "Nkungu",
    "Nyakabuye" : "Nyakabuye",
    "Nyakarenzo" : "Nyakarenzo",
    "Nzahaha" : "Nzahaha",
    "Rwimbogo" : "Rwimbogo"
}